,time_step,conversion_rate,cost_of_production,fiat_reserve,mech_step,operational_budget,overhead_cost,producer_roi_estimate,run,smooth_avg_fiat_reserve,smooth_avg_token_reserve,token_reserve,token_supply,tx_volume,volume_of_production,price
0,0,1.0,10.0,25000.0,0.0,25000.0,500.0,1.0999999999999999,5.5,25000.0,25000.0,25000.0,25000.0,1000.0,20.0,1.0
1,1,1.00355738436096,9.399415737610282,25428.56993550029,5.0,25000.0,511.7037111001768,1.250335952576154,5.5,25010.34625808461,25188.54670000607,27518.036221356168,28250.0,1063.6397366590577,22.0,0.9964552257634722
2,2,1.0387056904700407,8.912992772710579,25882.616489528704,5.0,25000.0,511.78293666462736,1.4849447195346852,5.5,25065.79593112293,26204.556317494287,35980.51981092976,37967.5,1113.819102267655,25.143994988963872,0.9627366145914485
3,3,1.1015917920273803,8.563627034099518,26343.696885453424,5.0,25000.0,511.8548171774245,1.6522249799075022,5.5,25160.61683472414,27954.342766841743,44309.21040383745,47587.82500000001,1204.4066031351863,29.406543926572535,0.9077772794217994
4,4,1.1881876847864996,8.16629606270739,26816.246823702768,5.0,25000.0,511.9658928053932,1.7553882272520593,5.5,25292.012186958807,30348.35345177144,52464.73107699451,57111.946750000025,1286.8830847107783,34.919773615095636,0.8416178797373125
5,5,1.294577888155331,7.8421207317900175,27300.447703725134,5.0,25000.0,512.0733666909971,1.802510606375234,5.5,25457.532354757288,33303.06353944552,60421.59613387101,66540.82728250007,1365.2813870993045,41.827528544050274,0.7724525570453852
6,6,1.417042400613797,7.663968185533519,27796.678475148226,5.0,25000.0,512.1821468994451,1.8000033300173828,5.5,25654.945297415317,36741.15009347111,68161.0296843229,75875.41900967501,1445.2706228114826,50.253626535800905,0.7056951856675894
7,7,1.5521079384275518,7.385282250721571,28305.332941745397,5.0,25000.0,512.2971428118581,1.7594182766451607,5.5,25882.260347425556,40591.47023207413,75669.82023225682,85116.66481957816,1528.7098514992977,60.260788060410114,0.6442850881963177
8,8,1.6965806581042857,7.007259059769142,28829.032687722163,5.0,25000.0,512.4163633062097,1.6934488706764483,5.5,26137.77503654397,44788.94906766148,82939.32715236346,94265.49817138235,1623.5072690723562,71.87767973175549,0.5894208419877741
9,9,1.8475510754458782,6.853949996386737,29370.577533862728,5.0,25000.0,512.5449037728443,1.6078565386739174,5.5,26420.217694656127,49274.400714494855,89965.96314474678,103322.84318966861,1733.2958055591037,85.082188064712,0.5412570257407716
10,10,2.002424257743728,6.690067629929249,29916.4788009718,5.0,25000.0,512.681680404886,1.5075703895248058,5.5,26728.326563257433,53994.649236335375,96754.23279055663,112289.61475777204,1805.8118988767405,99.7437025876162,0.49939466930288295
11,11,2.1590146199449096,6.45689648853062,30492.638236153303,5.0,25000.0,512.8001856088911,1.3990982763472117,5.5,27060.492447753262,58902.5154716459,103308.24247411525,121166.71861019412,1970.5638551552747,115.64524031036547,0.46317426049922555
12,12,2.31522933029074,6.414830858900153,31087.958087958712,5.0,25000.0,512.9623998117003,1.2853646230747349,5.5,27417.09048192022,63955.47424586152,109634.23427957349,129955.05142409222,2106.406726584331,132.50097347345798,0.4319226553139869
13,13,2.469405358733727,6.376604956351643,31694.91848968892,5.0,25000.0,513.099589410007,1.1686789859198663,5.5,27797.32903525341,69117.13385991027,115750.15778160679,138655.5009098515,2225.7938968840153,149.9139360892612,0.404955790860025
14,14,2.620230267979617,6.232913153061992,32316.514078230324,5.0,25000.0,513.2262443602098,1.0530785883750131,5.5,28200.028882909613,74356.41910588605,121673.02145277969,147268.94590075302,2361.268354246745,167.43334870462425,0.38164584701598414
15,15,2.7666418214024615,6.22046631882718,32942.16381798022,5.0,25000.0,513.3521885932919,0.9403654226165149,5.5,28624.146774784756,79646.97777997081,127418.98984078597,155796.25644174532,2464.946551107242,184.6112541174311,0.3614490290228757
16,16,2.907939636567358,6.053498972943576,33561.937422817275,5.0,25000.0,513.4563293168072,0.8325867575436215,5.5,29067.692501677993,84967.14447524444,133004.7255774127,164238.2938773278,2532.446161549916,200.97766368574545,0.3438860928971819
17,17,3.0436934593306004,5.862732454283107,34195.04411193425,5.0,25000.0,513.5358989426485,0.7318429121817664,5.5,29528.587819846583,90298.96881452481,138452.85891779896,172595.91093855462,2671.8443627406896,216.14738336611586,0.32854819756386705
18,18,3.1734632454865452,5.860176438790038,34847.788194090135,5.0,25000.0,513.6383404467084,0.6370269383952155,5.5,30006.532270756503,95627.867293273,143780.95039095712,180869.95182916903,2844.2681613617933,229.8088710500062,0.31511315009627067
19,19,3.296905133576926,5.6391336680477755,35539.51941913065,5.0,25000.0,513.7400911242651,0.5491193445008461,5.5,30502.138986735008,100942.94235826225,149015.09177857704,189061.25231087784,3096.4921123337635,241.649341652884,0.3033147632352604
20,20,3.4136436898458395,5.535664623418234,36247.46886110805,5.0,25000.0,513.8596434188879,0.46897401387312243,5.5,31017.02676322322,106236.31948068566,154157.02048908957,197170.63978776883,3263.0205951313606,251.52301384158176,0.2929421143087022
21,21,3.5236310590003606,5.665637662070677,36990.88859538253,5.0,25000.0,513.9393078071404,0.39410131855722297,5.5,31551.296524253874,111502.97613928819,159252.36848294063,205198.93338989076,3517.9630085261183,259.3468716882609,0.28379815686029736
22,22,3.6268129262271627,5.5557777008828175,37746.07170441261,5.0,25000.0,514.0361549229102,0.32509935382712263,5.5,32105.92634134633,116740.97506286988,164290.21040401497,213146.94405599203,3674.693003379615,265.006410235192,0.27572417445866515
23,23,3.723363144128718,5.503753413604267,38516.81727762602,5.0,25000.0,514.0950535977737,0.2629770899497536,5.5,32680.291393536132,121948.70718971605,169290.0012093684,221015.47461543223,3838.607024306396,268.5488190581689,0.26857439397950644
24,24,3.813499256175479,5.483762557707323,39297.133322531176,5.0,25000.0,514.1486204444863,0.20716349198401632,5.5,33273.849961729284,127125.90842591878,174255.32228575594,228805.3198692778,3975.703364501305,270.08871859507036,0.2622263524453628
25,25,3.897510852308639,5.33591666905275,40102.20968688775,5.0,25000.0,514.1866907418846,0.15841632016390578,5.5,33886.00072479729,132273.1655596302,179210.60687692618,236517.2666705848,4172.128540347691,269.77497293348654,0.25657401297745286
26,26,3.9755665377381564,5.089199802668588,40950.659916193734,5.0,25000.0,514.230859919683,0.11800336624689789,5.5,34517.737532588464,137392.98026925715,184185.01886495602,244152.09400387912,4450.283135634744,267.84997964347957,0.25153647675305574
27,27,4.047732711430097,4.996363559538319,41833.55829628588,5.0,25000.0,514.2904456954282,0.08490046109978307,5.5,35171.17746693877,142489.84377733796,189171.24489449762,251710.57306384057,4692.922599781083,264.6268135421204,0.24705188590545343
28,28,4.1141803163685875,5.177991876058413,42748.43679365119,5.0,25000.0,514.3336414470632,0.05531950820505737,5.5,35847.556069014456,147568.04764168244,194180.1364171608,259193.4673332021,4927.299004107561,260.3587665171323,0.2430617822027445
29,29,4.1750845313841065,5.1354982032275025,43741.47533376608,5.0,25000.0,514.3709473470356,0.04261787828079757,5.5,36548.80152507942,152632.84761165862,199258.6858209009,266601.5326598696,5334.439514425449,205.9910028329894,0.23951610859205388
30,30,4.230225634300375,5.065726455277721,44795.39642825617,5.0,25000.0,514.2561079601415,0.04920251537953042,5.5,37279.945882307664,157691.1260399753,204384.29292730294,273935.51733327104,5677.649808265849,184.30610620258162,0.2363940097879406
31,31,4.279666278161648,4.861261130183651,45881.14952893341,5.0,25000.0,514.261572070783,0.06428125068046571,5.5,38043.370130511896,162748.2263702395,209512.31057217883,281196.1621599384,5886.975425074242,179.5150868475186,0.23366307908231457
32,32,4.323611970762006,4.795034809929614,47027.4225247666,5.0,25000.0,514.2867879819929,0.0874403536675679,5.5,38839.82925098884,167806.17818182014,214697.2546309572,288384.20053833886,6215.251291804632,167.52715076194033,0.23128810049615922
33,33,4.362113528657955,4.787340493385448,48258.92489354358,5.0,25000.0,514.2911324010116,0.11467006415304166,5.5,39672.41602881392,172871.22258627426,219980.9471546277,295500.35853295564,6670.17646998449,164.14601474639386,0.2292466698608964
34,34,4.39513502582472,4.976297975447364,49564.838022488126,5.0,25000.0,514.3514734104483,0.13836977341749485,5.5,40545.60240679188,177951.63181539133,225332.06548100474,302545.35494762624,7078.737862610118,162.3968630182595,0.22752429541396313
35,35,4.422688418761376,4.872308526636131,50951.01086310826,5.0,25000.0,514.405489664123,0.16014513842769015,5.5,41463.01692660168,183052.68214942148,230748.781881068,309519.90139814984,7495.975766475435,161.0126846107142,0.22610681678544775
36,36,4.4447370580377825,4.827544865069918,52427.03508120699,5.0,25000.0,514.4595684167554,0.18188389811528177,5.5,42428.54959325201,188178.39561356278,236219.64649289925,316424.7023841685,7940.351599101642,160.0170570909095,0.2249851874120693
37,37,4.461218840324306,4.725614055963216,53981.66902850809,5.0,25000.0,514.511643567799,0.20357120077828222,5.5,43446.1940187554,193330.48263857653,241697.75215797205,323260.4553603263,8315.931244123536,159.39814850401513,0.22415398925539048
38,38,4.472126275049427,4.7539746582734885,55652.56085561721,5.0,25000.0,514.5549658057029,0.22404284860386392,5.5,44519.543864784784,198508.31821910158,247242.0851692416,330027.8508067231,8854.999638355197,159.19232812915172,0.2236072817485342
39,39,4.477341339587245,4.871869448540995,57441.665322379646,5.0,25000.0,514.6152699810021,0.24033950994414593,5.5,45654.47717501318,203714.9511511714,252829.10964368717,336727.5722986559,9403.88667328373,159.36093664209818,0.22334683111120307
40,40,4.476792226693748,4.8390868333755455,59334.21992119493,5.0,25000.0,514.6759724500578,0.25321859613829384,5.5,46856.427935877,208950.6631337768,258410.96213168075,343360.29657566926,9867.226589883374,159.81786194105845,0.22337422631260498
41,41,4.470516258776925,4.887631495070135,61331.03413560778,5.0,25000.0,514.72640059166,0.2636646948008578,5.5,48129.266033304244,214212.07009830108,263977.2985802266,349926.6936099125,10316.553915767156,160.5314791497203,0.2236878119024193
42,42,4.4586069950046445,4.992116146570181,63456.206773379476,5.0,25000.0,514.7744431618644,0.26964913574450294,5.5,49476.87264629385,219495.76523518717,269555.8347200354,356427.42667381366,10868.80398972117,161.45347483447927,0.2242852983275684
43,43,4.441086067472785,4.973225037320292,65759.02314327835,5.0,25000.0,514.830077939855,0.2723664330669674,5.5,50905.51699352061,224801.75552651312,275216.55716507905,362863.15240707574,11646.16638546091,162.49243909351875,0.22517014640273644
44,44,4.417828375490067,5.000717252760901,68172.7926382424,5.0,25000.0,514.9045561625139,0.27280798143919266,5.5,52423.27712588438,230131.79252390875,280796.0405830366,369234.5208830049,12108.307941294654,163.6324104346784,0.22635555639688484
45,45,4.389038158803269,5.030394285049472,70746.2488073889,5.0,25000.0,514.9472568880506,0.2710329846877297,5.5,54033.87491916407,235478.13024773746,286376.5694367788,375542.17567417497,12763.161588864801,164.81372894453347,0.22784035221800475
46,46,4.3548397261559115,5.026220137444449,73450.29460301696,5.0,25000.0,515.0057078405462,0.2679799659944246,5.5,55743.16802293425,240837.15986902348,291877.1331997573,381786.7539174325,13283.37218579525,166.0051127396391,0.22962957603096829
47,47,4.315479188386334,5.169282855965474,76370.31216666294,5.0,25000.0,515.0473766032243,0.26216876297475955,5.5,57556.354986582395,246202.84525441958,297434.3538980172,387968.8863782591,14180.840574297545,167.18703839613488,0.2317239769551351
48,48,4.270970359885296,5.288567378451553,79476.04535390246,5.0,25000.0,515.1179686094652,0.2528894398293693,5.5,59483.53053006118,251577.23372589843,302963.0133070152,394089.1975144763,14951.091356200614,168.26512868547562,0.23413882929097563
49,49,4.221480253558003,5.135103363690877,82753.77077976591,5.0,25000.0,515.1753188440882,0.2445684841192074,5.5,61531.88047240133,256956.17459012076,308418.7769767072,400148.305539331,15631.19681401903,169.16212570654568,0.2368837327042255
50,50,4.16730036458343,5.080926841589123,86273.35599477639,5.0,25000.0,515.2234942633934,0.23908292395137873,5.5,63708.13529614686,262334.2744304436,313895.02766545885,406146.82248393784,16609.687867706045,169.9407510785655,0.23996350455049612
51,51,4.1085000323142395,5.035092556799663,90059.03499568679,5.0,25000.0,515.2880003163327,0.23475455496139963,5.5,66023.8692291538,267712.0819169912,319377.50561815023,412085.35425909824,17696.89860658862,170.63582350232525,0.24339783184490305
52,52,4.045159203600142,5.0426772803435265,94060.94758946405,5.0,25000.0,515.3548017296022,0.2310199704598336,5.5,68490.69199800887,273088.1639516532,324777.9829562164,417964.50071650767,18555.307130321275,171.25599497221697,0.2472090589438389
53,53,3.97761808730252,4.985666749159008,98317.65364206371,5.0,25000.0,515.4050788767997,0.2282444154750543,5.5,71116.25405256807,278456.5169257571,330131.2087717312,423784.8557093426,19555.951377695907,171.81012161147217,0.25140674093177323
54,54,3.9061799353975353,5.011194401257153,102812.29512603306,5.0,25000.0,515.4600553033488,0.225436565670128,5.5,73909.71875929504,283812.1073224329,335396.22420284693,429547.00715224893,20479.639847639144,172.32602733842918,0.25600459183614876
55,55,3.8312237391692747,5.00253149495167,107623.8399056952,5.0,25000.0,515.5061145553702,0.2225719051329784,5.5,76879.86791418615,289149.8137862732,340666.93223469827,435251.5370807263,21739.11523596088,172.78738756769067,0.2610132083324453
56,56,3.752935523921086,5.106689211056175,112751.09540942324,5.0,25000.0,515.5705607337514,0.2187762065610831,5.5,80040.38615301583,294469.36265423615,345875.43537412403,440899.0217099192,22987.928981735582,173.20853093345477,0.26645808158068085
57,57,3.6716183437844236,5.006557831030605,118209.64720323514,5.0,25000.0,515.6263064919054,0.21543262198932436,5.5,83404.27755071696,299767.03976485657,351038.27128344064,446490.0314928198,24293.026110377374,173.54644864899487,0.2723594628763284
58,58,3.5875631208778676,4.940132467063519,124052.7207649083,5.0,25000.0,515.684616506659,0.21420204043149257,5.5,86985.44753239492,305041.0615401333,356184.0315696172,452025.1311778917,25816.648861703576,173.8436546612547,0.27874074024802176
59,59,3.500994242001741,4.921450912530608,130263.8687720429,5.0,25000.0,515.7493181095932,0.21361590045469697,5.5,90800.13976441896,310290.3339313848,361255.16160837834,457504.8798661128,27262.103808945525,174.13250269939704,0.2856331461511449
60,60,3.4123038307058233,4.9959724579523135,136733.2308694001,5.0,25000.0,515.8053882862995,0.2115563778325768,5.5,94859.65289587188,315509.3966375443,366156.1956842859,462929.8310674519,28232.27655863457,174.4136706518927,0.29305713957867385
61,61,3.322211343679572,4.959792658260587,143543.19831840057,5.0,25000.0,515.8399751260112,0.20901707311170625,5.5,99167.5212861779,320689.141666322,370974.8180169477,468300.5327567774,29522.19266072776,174.64087479098563,0.30100433011357813
62,62,3.2312569269635882,4.906870221107947,150684.58513238176,5.0,25000.0,515.8820140943897,0.20746312735891634,5.5,103732.5069288481,325824.3560527199,375699.11796852126,473617.5274292103,30791.94804664282,174.8358877262029,0.30947709284748826
63,63,3.139980632729984,4.854764348505019,158140.93382365975,5.0,25000.0,515.9233066307386,0.20725348650144856,5.5,108561.67424612214,330911.3875784826,380338.8943326601,478881.35215491825,31999.39258971488,175.01564750040112,0.31847330189758943
64,64,3.04887797588781,4.8446907558636285,165916.8947636805,5.0,25000.0,515.9622122841862,0.20739803705426582,5.5,113660.20349431498,335948.2558670742,384926.30759473896,484092.53863336815,33234.75611993566,175.22294240520728,0.3279895121774454
65,65,2.9583096510420908,4.9609666945559345,174093.80657222692,5.0,25000.0,516.0025666057154,0.2055679762946571,5.5,119034.77228950674,340935.57309496595,389502.7224771818,489251.61324703426,34807.77023772171,175.43779219240923,0.3380308750464108
66,66,2.8684642584722915,4.951010789854569,182686.19665795128,5.0,25000.0,516.0519468146817,0.20286170654219804,5.5,124697.95673965682,345874.98950230243,394021.9437758648,494359.09711456415,36434.170970154235,175.59223016329614,0.3486186021130999
67,67,2.7795610620296003,4.930662013538747,191696.07097937708,5.0,25000.0,516.0971262842206,0.20140459853887901,5.5,130662.5734963295,350765.6198865997,398472.45583957963,499415.5061434187,38059.48428476414,175.68945431033507,0.35976903463664606
68,68,2.6918513831167936,4.778874360078751,201086.1650938228,5.0,25000.0,516.1405121760781,0.2024977634712013,5.5,136939.46593494486,355606.1383203021,402841.02150193293,504421.35108198493,39529.42945904921,175.7505068156089,0.3714915341433663
69,69,2.605601500588913,4.670447800824994,211004.25078241664,5.0,25000.0,516.178869553887,0.20623824616449404,5.5,143538.72496097468,360395.85374167404,407213.5213040715,509377.1375711647,41593.39325497903,175.8385460074807,0.3837885416376917
70,70,2.5208574168962423,4.801945772175155,221219.88888566237,5.0,25000.0,516.2310932190442,0.20853199046357115,5.5,150475.54568406421,365136.09189419454,411454.7875507946,514283.3661954531,42745.59021418029,176.01163099144134,0.3966904249710525
71,71,2.4379641991327463,4.86468346547871,231737.54573412085,5.0,25000.0,516.2599946748215,0.20811227603018084,5.5,157746.63162655648,369824.46719788923,415614.44636466005,519140.53253349825,43885.12206507665,176.18984653957395,0.4101782956270353
72,72,2.3571819034002774,5.020928008031523,242795.86195972934,5.0,25000.0,516.2866692324401,0.20506362364474906,5.5,165353.8808950679,374459.7454083746,419798.4699391872,523949.12720816344,45991.625913303185,176.33819311008048,0.42423539674960253
73,73,2.278455773584525,5.011043167521442,254307.19894406796,5.0,25000.0,516.3347206622547,0.20078710468517283,5.5,173315.20482201804,379044.325876371,423917.16270351707,528709.6359360816,47770.48765343502,176.38514380214193,0.4388937505803654
74,74,2.201835838781112,5.137897157230796,266312.009983439,5.0,25000.0,516.3742812382186,0.1954536113286226,5.5,181641.65648259933,383578.75334261515,427987.90383036376,533422.5395767215,49690.92053717281,176.34410303972817,0.4541664652681728
75,75,2.1273783495965453,5.124428865842453,278602.7897009987,5.0,25000.0,516.412658746041,0.18978310638355533,5.5,190341.53198316574,388062.9071156674,431956.91002969525,538088.3141809532,50790.106082911414,176.16958025649816,0.47006213078630266
76,76,2.055244550514635,4.958104080395557,291311.65929518687,5.0,25000.0,516.436711634428,0.18725741347202154,5.5,199409.42676809576,392496.147409527,435896.4876965465,542707.431039144,52388.51688981043,175.87707321811303,0.4865601029082399
77,77,1.9854547870523587,5.02169355955515,304516.15481730417,5.0,25000.0,516.4668928476846,0.18629790885844877,5.5,208851.7358081018,396878.6775556216,439809.88842358347,547280.3567287533,54314.03728377569,175.56160882162763,0.5036629423753425
78,78,1.9179495868772458,4.764121018743922,318222.6891984899,5.0,25000.0,516.5023606757654,0.18889016368841785,5.5,218680.4997111008,401211.59805261187,443687.06299356266,551807.5531614661,56270.54032119182,175.21105068139875,0.5213901381152428
79,79,1.8526491879069018,4.805349747607584,332393.36104512436,5.0,25000.0,516.538209532552,0.19361942745086502,5.5,228906.49356475033,405496.0524538397,447512.7780670263,556289.4776298512,58076.545838427955,174.96967117007782,0.5397675968701806
80,80,1.7895327117628366,4.846105882217904,346882.84389038524,5.0,25000.0,516.5707593034678,0.19678733255636094,5.5,239533.33457080278,409732.40652410476,451247.7995648399,560726.5828535529,59296.958206484116,174.824774726958,0.5588050966751639
81,81,1.7286835091633685,4.866435542412454,361766.37900935306,5.0,25000.0,516.591362328998,0.19892383503230482,5.5,250554.80374978858,413919.7280149407,454947.32201155927,565119.3170250175,60802.8427996732,174.75771902741937,0.5784748883755884
82,82,1.6701057581365457,4.99600177066747,376946.767391376,5.0,25000.0,516.6167880466065,0.19839230643942338,5.5,261968.54347210165,418058.1051332054,458578.34828102496,569468.1238547672,61935.794412783565,174.74883617071598,0.5987644765178046
83,83,1.6138268531090136,5.008047028012173,392498.96658940497,5.0,25000.0,516.6353546394446,0.19639055486984355,5.5,273766.81598352734,422147.5578113559,462183.4315604001,573773.4426162192,63359.63264285476,174.71547503148295,0.6196451608631464
84,84,1.5597942418614457,5.022568501696141,408378.5573473413,5.0,25000.0,516.6590019909142,0.1944185037360228,5.5,285947.21766991226,426188.87890662765,465735.8695404116,578035.7081900564,64614.98078737959,174.6617754401958,0.6411102010522928
85,85,1.5079819800032601,5.089887990147528,424577.63118301606,5.0,25000.0,516.6788155803871,0.19141220372685055,5.5,298504.2054223502,430182.43889461766,469236.6658171614,582255.3511081559,65832.71961519618,174.5706464522762,0.6631378977073971
86,86,1.458369633538913,4.968446233175231,441155.78657553735,5.0,25000.0,516.6962912683285,0.18962454495020384,5.5,311433.38271167723,434128.5496984446,472712.1940875948,586432.7975970744,67285.99362500483,174.40151900342164,0.6856972176343094
87,87,1.4108643572973023,4.976145795206432,458170.709330611,5.0,25000.0,516.71760992292,0.18916739269122948,5.5,324736.5526058428,438028.32800638484,476169.3950172623,590568.4696211026,68978.49193002116,174.21330500670715,0.708785359009021
88,88,1.3653399567377527,4.985523266382632,475536.9004782744,5.0,25000.0,516.7430051094914,0.1889271282734987,5.5,338417.9829794403,441883.19319426105,479572.5121829533,594662.7849248921,70336.87539328504,174.0021643483818,0.7324183219462278
89,89,1.321728657501337,5.016422185133825,493333.2127990441,5.0,25000.0,516.7617592835,0.18840665072818005,5.5,352476.88641927857,445693.8402687715,482954.88408475346,598716.1570756441,71997.47057276795,173.76952531645833,0.7565849422455974
90,90,1.2799245341990266,5.069389249440576,511513.0985087326,5.0,25000.0,516.785167273525,0.18696271658560043,5.5,366917.3471971513,449461.34788934764,486299.67233742966,602728.9955048875,73484.33719269502,173.50602380273241,0.7812960633853286
91,91,1.2398402649425913,5.192758383353425,529943.92032307,5.0,25000.0,516.8060924907203,0.18430674531031718,5.5,381736.78031184623,453186.56769806455,489586.91511033196,606701.7055498379,74444.4017078275,173.19762208064498,0.806555512250849
92,92,1.201438149245419,5.233671644804045,548660.5019639845,5.0,25000.0,516.8187702100969,0.18083361047045993,5.5,396923.41300785117,456869.81840527453,492839.5136523402,610634.68849434,75527.0363192686,172.81752602038145,0.8323358140642236
93,93,1.1646676454629337,5.243522104963679,567679.7322918786,5.0,25000.0,516.8323255139843,0.17708464920569655,5.5,412469.40946362773,460511.49819701543,496061.2952497652,614528.3416093971,76680.56525566617,172.35685076283954,0.8586140465871005
94,94,1.1294583023992324,5.0098368495506245,587078.7212553135,5.0,25000.0,516.8465158318925,0.17657527145553567,5.5,428370.7392268359,464112.2284773727,499256.0640080889,618383.058193303,78133.45050894581,171.8132730320272,0.885380184355427
95,95,1.0957371109194962,4.956629949747172,606702.8382218274,5.0,25000.0,516.8636801034519,0.17958388298689332,5.5,444626.384919512,467672.46534380695,502391.5791582914,622199.2276113707,78986.86762824397,171.3062743086495,0.9126276640943942
96,96,1.0634723730727704,5.077121217363117,626637.3485719939,5.0,25000.0,516.8723950342144,0.1813252070894069,5.5,461225.53104209545,471192.50359071686,505513.2506295707,625977.2353352564,80170.79145997757,170.87001448414009,0.940315917291415
97,97,1.0325835202450835,5.115721787253207,646867.854475842,5.0,25000.0,516.8867743095232,0.1814429764477471,5.5,478164.33506268985,474673.2607085774,508593.7769772724,629717.4629819028,81302.75894557286,170.44232047761074,0.9684446636942745
98,98,1.003021955748965,4.989503585576053,667349.8586099783,5.0,25000.0,516.8989914037322,0.18299509688765728,5.5,495437.5435972345,478115.1245580012,511637.07070635323,633420.2883520839,82256.44608485675,170.01507323345845,0.9969871489535755
99,99,0.9747379625362582,4.987723289677093,688015.9118132853,5.0,25000.0,516.9090816656415,0.18582277852845017,5.5,513035.4940245755,481518.5379911224,514643.38583682914,637086.0854685635,82946.32526681005,169.64001147701944,1.0259167473051016
100,100,0.9476804364800723,4.9615218965594305,708947.0021148068,5.0,25000.0,516.9165666723554,0.18890724743974746,5.5,530945.9611774066,484884.1050127214,517630.4968772715,640715.2246138788,83950.43399495339,169.33089626261247,1.0552080231963592
101,101,0.9217796146998222,4.86655160977378,730097.4944427583,5.0,25000.0,516.9282778467219,0.19365995600850103,5.5,549163.0478698529,488212.55996774137,520581.74844030396,644308.0723677399,84782.4655352155,169.0971896838342,1.0848580116687114
102,102,0.8969810328496319,4.929647002103717,751453.0752273458,5.0,25000.0,516.9378433165876,0.19872058551171318,5.5,567677.8105494012,491504.4687838114,523502.6749838881,647864.991644062,85557.24031567923,168.98383589179392,1.1148507754094705
103,103,0.8732327344602049,5.110819747210791,773013.4883672798,5.0,25000.0,516.9471724563066,0.20002533875286477,5.5,586480.9787048677,494760.434977853,526392.1732488552,651386.3417276214,86331.70214836624,168.96706802180864,1.145170079564364
104,104,0.8504890359264867,5.219063548925512,794808.2228866605,5.0,25000.0,516.9564253721666,0.19789059561772224,5.5,605564.8248552886,497980.9877997347,529256.9300635977,654872.4783103453,87222.18418323215,168.94734171902155,1.1757941111029637
105,105,0.8286993041060507,4.989655493328191,816745.4670104051,5.0,25000.0,516.9670016621237,0.19801664494880064,5.5,624922.6874090697,501166.63477558375,532080.4625203764,658323.7535272414,87750.03728329972,168.88045818130274,1.2067103170537083
106,106,0.8078304739056262,5.097125160968244,838849.1199035224,5.0,25000.0,516.9726692813136,0.1990596271620547,5.5,644542.1482783185,504317.6540256366,534878.1308083737,661740.5159919688,88367.7580658235,168.8665258768597,1.2378834821188285
107,107,0.7878413415239801,4.973407043453191,861109.0344210853,5.0,25000.0,516.9797218911186,0.2006776995400922,5.5,664413.3628636982,507434.5275142344,537646.7917193002,665123.1108320492,88948.63640576886,168.85880807675179,1.2692910961814032
108,108,0.76869066802777,4.962504453981597,883539.7206098763,5.0,25000.0,516.9863626370153,0.20352521732500328,5.5,684527.1418131357,510517.6900516127,540388.6026629548,668471.8797237284,89586.08723335511,168.90753177176055,1.3009134123687236
109,109,0.7503364282706305,4.721623591695443,906142.111154212,5.0,25000.0,516.9937812535518,0.20931527180596265,5.5,704876.2839325602,513567.621238601,543105.092331364,671787.1609264904,90228.30001292714,169.0137214439339,1.3327355067976536
110,110,0.7327338319801737,4.680760656242784,928885.292548751,5.0,25000.0,517.0017305263733,0.21791244098865817,5.5,725453.7641175406,516584.8171792733,545791.4982600366,675069.2893172265,90751.9496683566,169.27781080270537,1.364752050956285
111,111,0.715845597195841,4.671298202668284,951771.1458295577,5.0,25000.0,517.0087980225143,0.22620065899133068,5.5,746250.8933641282,519569.74169036414,548449.7381902481,678318.5964240554,91281.6354119454,169.72957941900552,1.3969492917428954
112,112,0.6996384391200348,4.783966162844317,974829.4150514002,5.0,25000.0,517.0163975582966,0.23164089478702088,5.5,767260.6050183616,522522.83190731745,551084.9832512429,681535.4104598142,91931.00741215816,170.35945621115889,1.429309689241407
113,113,0.684076528666316,4.926298137889435,998001.6181055309,5.0,25000.0,517.0259834140317,0.23286825872133424,5.5,788477.5251983568,525444.5805131679,553689.5955724955,684720.0563552146,92357.51034656173,171.08121427322203,1.4618247492712728
114,114,0.6691307521366159,4.930778643650311,1021290.3986001112,5.0,25000.0,517.0333214090142,0.23163857583912092,5.5,809892.4871440668,528335.406093566,556268.4000626013,687872.8557916634,92787.69287797407,171.8013061798802,1.494476224275866
115,115,0.6547724258943292,5.034366377572147,1044670.1477425714,5.0,25000.0,517.0406361616751,0.2282097011539755,5.5,831496.8022477924,531195.6842117076,558818.6844517115,690994.1272337479,93119.00352811826,172.4906619355521,1.5272481864735483
116,116,0.6409760764445824,4.962538131698002,1068218.1534936512,5.0,25000.0,517.0466569584765,0.2245610194874258,5.5,853282.344957302,534025.7888735583,561350.0238448157,694084.1859614098,93747.93985443904,173.08576879932366,1.560120629691642
117,117,0.627709752127492,4.967578764746593,1091855.6077944473,5.0,25000.0,517.0555916059075,0.2217976404650724,5.5,875245.9877009226,536826.113356082,563850.9359824974,697143.3441017951,94078.25772099059,173.62041396040266,1.5930929806502248
118,118,0.6149487227403422,4.937116913442152,1115574.2492206162,5.0,25000.0,517.0610768610647,0.2195800700328412,5.5,897378.8062090387,539597.0146489316,566324.5723480305,700171.9106607779,94369.17360276567,174.09180390617945,1.6261518448949492
119,119,0.602671907067979,4.908695601748177,1139355.4696738368,5.0,25000.0,517.0657811530047,0.2177993238491676,5.5,919671.624683302,542338.7973780229,568772.526768937,703170.1915541701,94587.77029416579,174.52161352734356,1.6592776073884656
120,120,0.5908582209937626,4.773059396416939,1163221.8103043432,5.0,25000.0,517.0696228613305,0.2176109990442929,5.5,942115.2186950382,545051.7960007378,571197.3291165386,706138.489638627,94891.68359621082,174.91180446435797,1.69245339147199
121,121,0.5794854735794993,4.764437642474457,1187162.7514365125,5.0,25000.0,517.0742274810158,0.2189245171542572,5.5,964702.7615318345,547736.3323963528,573597.0238165493,709077.1047422412,95159.06401383322,175.32080322283676,1.725668796877633
122,122,0.5685331589105954,4.8204314526154075,1211168.0941609496,5.0,25000.0,517.0785119460946,0.2194701485382007,5.5,987427.0792301012,550392.7588687099,575972.8456791076,711986.3336948196,95389.44367862296,175.74935355306673,1.758912359511567
123,123,0.5579809562183301,4.715461790074771,1235268.0138469525,5.0,25000.0,517.0825451958933,0.22109304717769215,5.5,1010281.6007149293,553021.4278792328,578326.235690737,714866.4703578707,95733.96127088337,176.16045867816814,1.7921758598670061
124,124,0.5478088623442837,4.813733022298402,1259424.068038551,5.0,25000.0,517.0876831537676,0.22253328425103985,5.5,1033261.89580291,555622.649732752,580653.5764990321,717717.8056542914,95934.03904227672,176.61853420668425,1.8254542208766347
125,125,0.5380000652121981,4.75010421609644,1283639.0799304403,5.0,25000.0,517.0915123418617,0.22344658385478344,5.5,1056361.0974415378,558196.7507859927,582957.8255122976,720540.6275977482,96141.57093564574,177.08480496332837,1.858735834177975
126,126,0.5285376549437845,4.897912429231303,1307930.3602798858,5.0,25000.0,517.0954373301183,0.2227918776556439,5.5,1079573.596558286,560744.0352026637,585239.9237546789,723335.2213217714,96419.13489196199,177.5928162132859,1.8920127840396925
127,127,0.5194049692155701,4.860553430951406,1332305.314544836,5.0,25000.0,517.100206614449,0.2203398407148207,5.5,1102895.7898358733,563264.8346334009,587499.9747371896,726101.8691085544,96726.64019428816,178.0792722146628,1.925280001672389
128,128,0.5105854909227384,4.987147625715332,1356729.0170626738,5.0,25000.0,517.1051375914838,0.21584019463327198,5.5,1126324.318509259,565759.4570627311,589735.3658698385,728840.8504174679,96901.50782794751,178.5396275832822,1.9585358725975228
129,129,0.5020654552896717,4.868620841658836,1381200.9881986103,5.0,25000.0,517.1085067435828,0.21153656836970056,5.5,1149853.4509754784,568228.2081450598,591947.7714836516,731552.4419132927,97069.01602097663,178.88564662274024,1.9917721672825308
130,130,0.49383174128295565,4.809776032295419,1405718.3793345913,5.0,25000.0,517.1113120128,0.2097122008683678,5.5,1173477.9337828213,570671.3360855156,594137.9360160712,734236.9174941597,97225.28490550826,179.1624024488098,2.0249812160758216
131,131,0.48587133267689575,4.808636108606863,1430279.4989256726,5.0,25000.0,517.1137996016635,0.20844486517582886,5.5,1197192.722254934,573089.1162345792,596305.6190437893,736894.5483192189,97376.77702391692,179.40865573966002,2.058158061086925
132,132,0.47817216217665987,4.858220962203206,1454905.212281994,5.0,25000.0,517.1161351482225,0.20645769032389175,5.5,1220993.598436124,575481.830890792,598452.9516451431,739525.6028360276,97611.35104626985,179.61149012562512,2.091296982760263
133,133,0.470721627046528,4.8285696094251165,1479584.1861337738,5.0,25000.0,517.1192043802894,0.20434369351162424,5.5,1244878.1225320366,577849.7659366087,600577.8252751206,742130.3468076678,97802.54521035236,179.74255700900878,2.124397823559435
134,134,0.4635083674491407,4.992135520048087,1504308.0986609398,5.0,25000.0,517.1216015431925,0.2004688038828544,5.5,1268843.1024132208,580193.1817636575,602680.9837740886,744709.0433395911,97963.67062499405,179.8226924091058,2.1574583550743056
135,135,0.45652197292963315,5.088726135408829,1529061.857937131,5.0,25000.0,517.1235286276434,0.1944914803909745,5.5,1292884.6353012647,582512.3667074502,604762.130720682,747261.9529061952,98066.64132146607,179.79056041960442,2.1904750686647385
136,136,0.44975307032587275,4.972222804935424,1553841.7211862362,5.0,25000.0,517.1244158057854,0.18994044004472785,5.5,1316998.0149270878,584807.577649436,606822.0317848708,749789.3333771323,98150.28757969201,179.62368240584402,2.2234422975154806
137,137,0.44319246536355306,5.115687690465183,1578652.5162725511,5.0,25000.0,517.1246121163902,0.1853380892650893,5.5,1341178.7993614527,587079.0547959404,608861.3142699451,752291.4400433616,98255.71618947093,179.392618925534,2.25635604878728
138,138,0.43683143545984005,5.091468622696164,1603482.5440429407,5.0,25000.0,517.1247924247132,0.18020377099970974,5.5,1365423.0353078577,589327.0670856113,610879.3743804133,754768.5256429268,98316.04285598894,179.0455085288336,2.2892125401811536
139,139,0.43066185270839735,5.153085123435736,1628344.5513035348,5.0,25000.0,517.1240500338122,0.17508667591270766,5.5,1389726.62079118,591551.856326508,612877.7491376026,757220.8403864977,98425.65655984062,178.59781662126852,2.322007379365229
140,140,0.42467543986461204,5.026153616569107,1653240.4791342632,5.0,25000.0,517.1234521260817,0.1716682055191211,5.5,1414086.8280437787,593753.673364455,614855.8140437923,759648.631982634,98541.9273479032,178.0228729881519,2.354739422460605
141,141,0.4188642498959301,5.200110363302704,1678165.0765619762,5.0,25000.0,517.1224654256706,0.16801981240286423,5.5,1438501.286413396,595932.7452297391,616813.6370515272,762052.1456628073,98641.58413223212,177.38345926900243,2.3874083315739107
142,142,0.41322094013235916,5.145024748724788,1703117.820473609,5.0,25000.0,517.1211445268775,0.1640391465153819,5.5,1462967.394466583,598089.3249891733,618751.5257931494,764431.6242061786,98737.85210564888,176.62330779689844,2.42001288627747
143,143,0.4077384580181903,5.268216979897053,1728095.9574134382,5.0,25000.0,517.1193555049116,0.1600152631036624,5.5,1487482.7711585271,600223.6370032362,620669.6339374264,766787.3079641182,98824.75674718742,175.77818723666695,2.4525525623962294
144,144,0.40241018707242066,5.131216909028174,1753093.8106066687,5.0,25000.0,517.1172119186534,0.1575673730157039,5.5,1512044.8911382705,602335.9146291595,622567.7099264105,769119.4348844765,98887.14517008318,174.82674882370972,2.4850265528194315
145,145,0.39722997437536584,5.13150925735885,1778115.9957055456,5.0,25000.0,517.1144259028968,0.157592160465085,5.5,1536651.1956601874,604426.3602267695,624446.5523204696,771428.2405356303,98967.40155628465,173.84805275005917,2.5174333874790666
146,146,0.39219177739799627,5.063632079169755,1803156.8277441054,5.0,25000.0,517.1117713470171,0.15924581462270324,5.5,1561299.5478470663,606495.188648334,626305.8083426765,773713.958130275,99026.5647188331,172.88272413960686,2.549772987680973
147,147,0.3872899975732385,5.0807092452048055,1828215.9645179897,5.0,25000.0,517.1089457609678,0.16215691055160286,5.5,1585987.6101338763,608542.612042067,628146.0587449169,775976.8185489723,99085.9381975465,171.98087202600655,2.582044478984756
148,148,0.3825193158307855,5.03005567300084,1853297.5576970757,5.0,25000.0,517.1063441333237,0.16562677011120494,5.5,1610713.3143946852,610568.8556305607,629967.6243748331,778217.0503634827,99161.21468141885,171.14621159862958,2.6142470683555454
149,149,0.37787451450224757,4.9309782555343125,1878396.5655149517,5.0,25000.0,517.1041505627868,0.17096503078367123,5.5,1635475.0408451573,612574.1245605525,631770.2052343669,780434.8798598485,99216.46384291051,170.39677350921616,2.6463811705249363
150,150,0.373350738865479,4.986617237921893,1903506.7603281853,5.0,25000.0,517.102059772456,0.17658534444459748,5.5,1660270.7959944378,614558.6272932374,633554.147021505,782630.5310612494,99250.27344584861,169.79195344870035,2.6784465541403613
151,151,0.36894349239625845,5.278694585848135,1928630.7891841445,5.0,25000.0,517.1002917526027,0.17731219069872545,5.5,1685098.3197351983,616522.6007816126,635320.3590380772,784804.2257506358,99299.42583845159,169.29777765956973,2.710442169626248
152,152,0.364648402660501,5.256775725631482,1953770.0250164852,5.0,25000.0,517.0990636493556,0.17556252766957592,5.5,1709955.8186066342,618466.2919725995,637068.6353974369,786956.1834931289,99350.91430281856,168.7675670144818,2.7423676963999513
153,153,0.36046116092092456,5.20042432662198,1978924.840196411,5.0,25000.0,517.0976630457882,0.17545193994894825,5.5,1734841.876716966,620389.8976193187,638798.9260365989,789086.6216581977,99401.44174258612,168.21835822524397,2.7742239897500993
154,154,0.3563776660774295,5.098813396227314,2004093.006292172,5.0,25000.0,517.096176454884,0.17770850974928074,5.5,1759755.1485442722,622293.6146304657,640511.2931213088,791195.7554416168,99443.15959912662,167.68566415946333,2.8060119788279096
155,155,0.3523940528393732,4.932257658674826,2029274.4513486987,5.0,25000.0,517.0946623330528,0.18322691853884285,5.5,1784694.256097763,624177.6336260912,642205.9095735509,793283.797887201,99483.49766719852,167.21811354161326,2.837732339529055
156,156,0.34850662790204734,5.043590624591117,2054465.177679021,5.0,25000.0,517.0934033437456,0.1888397353338266,5.5,1809657.8533401033,626042.1434188784,643883.0378911126,795350.9599083285,99512.43004703197,166.88526160411715,2.869385888067139
157,157,0.344711959315142,5.009657372498648,2079665.906888376,5.0,25000.0,517.0925770780924,0.19345895822328063,5.5,1834644.4009187527,627887.3563219706,645543.0007685353,797397.4503092457,99544.45504482751,166.65130298744688,2.90097274833967
158,158,0.3410067321499922,4.988507355977111,2104880.0856787087,5.0,25000.0,517.0921253769194,0.20342667351017252,5.5,1859652.7093921858,629713.4626957885,647185.7914289896,799423.4758061527,99584.46238399904,158.83836832635976,2.9324934252621992
159,159,0.33738767778165907,4.897583756160972,2130105.772229101,5.0,25000.0,517.0548175450318,0.218380133877259,5.5,1884681.9355405378,631520.6339682589,648811.5232363555,801429.2410480918,99619.61992941203,158.13573725012287,2.9639493847998546
160,160,0.33385175937717315,4.97129371843133,2155337.3149652006,5.0,25000.0,517.0561303963821,0.23153209611498218,5.5,1909730.962858658,633309.0676827229,650420.4779283651,803414.9486376101,99637.72353654158,158.6403471554634,2.995341411007026
161,161,0.3303961558365912,5.057874174590288,2180577.108343492,5.0,25000.0,517.0583035286088,0.24071128891723054,5.5,1934798.429158006,635078.9759095927,652013.1804850312,805380.7991512344,99666.85965133278,159.30048720268292,3.0266695974955122
162,162,0.32701810136472825,5.106564998063383,2205825.5304076048,5.0,25000.0,517.0612967721372,0.24704974977106042,5.5,1959883.3128079788,636830.5666402004,653589.6445519424,807326.9911597222,99697.55561368693,160.04050993364098,3.0579347009439237
163,163,0.3237149336846054,5.118880264735772,2231079.396849979,5.0,25000.0,517.0647292227272,0.2514512580057846,5.5,1984984.6734153642,638564.0349859193,655149.7934301652,809253.7212481257,99715.06194629945,160.8188957666392,3.0891376823977397
164,164,0.32048415076807224,5.342136443796738,2256339.3605780783,5.0,25000.0,517.0682937144712,0.2514137295002516,5.5,2010101.423533191,640279.5727638137,656694.1419637422,811161.1840356443,99738.22722473148,161.62028369386857,3.1202791077293535
165,165,0.31732336048666965,5.359180483576068,2281605.7513952,5.0,25000.0,517.0720910484022,0.24758175189217685,5.5,2035232.6118810005,641977.3862726073,658222.7121372952,813049.5721952879,99761.336191607,162.34004417834933,3.1513595420971496
166,166,0.3142302253865789,5.4243233388730285,2306876.4154593972,5.0,25000.0,517.0755947183253,0.24195357682859353,5.5,2060377.421518151,643657.6554715082,659735.5072111397,814919.076473334,99775.50818653006,162.95916326258788,3.18238004879944
167,167,0.31120254345695947,5.391222093100347,2332151.819493309,5.0,25000.0,517.0786474041165,0.23586337590219011,5.5,2085534.9261141105,645320.560171598,661232.6940461072,816769.885708601,99790.44590587591,163.45368053205922,3.2133413464157754
168,168,0.30823817472227955,5.249901949661956,2357432.4125639647,5.0,25000.0,517.0812194556594,0.2319710358264907,5.5,2110704.3591623106,646966.2634950462,662714.2832339699,818602.1868515145,99804.84524018808,163.84239768231487,3.2442444901608734
169,169,0.30533505918336573,5.323891879674128,2382717.7334827515,5.0,25000.0,517.0833728785051,0.22810885883720083,5.5,2135885.0434382968,648594.9250312136,664180.5922569126,820416.1649829989,99820.28597328266,164.2003768838353,3.2750906583559427
170,170,0.30249125105110203,5.321879011719796,2408006.19314211,5.0,25000.0,517.0854033077733,0.22307055676353207,5.5,2161076.2591716973,650206.7244009965,665631.7350888108,822212.0033331693,99830.28873215851,164.49855058736645,3.3058807371293617
171,171,0.299704890091159,5.517027957019882,2433297.060520581,5.0,25000.0,517.0870633472098,0.21571516927380177,5.5,2186277.255416832,651801.8354103703,667068.0463813953,823989.8832998377,99840.19928250712,164.73811172296377,3.3366155610468597
172,172,0.29697420552574655,5.581724826934429,2458590.772847863,5.0,25000.0,517.0884125696435,0.20618048774444891,5.5,2211487.276170041,653380.4457870256,668489.655816299,825749.9844668395,99851.72646354247,164.84414970992466,3.367295816920045
173,173,0.2942974685307725,5.471829579202144,2483887.8929053536,5.0,25000.0,517.0891457835825,0.197979864796457,5.5,2236705.742305689,654942.7214186351,669896.4677036532,827492.4846221711,99861.61512237522,164.78804725812822,3.397922533932491
174,174,0.2916729957685091,5.422855786298314,2509188.8877659827,5.0,25000.0,517.0891662617793,0.19202107072040675,5.5,2261932.187396506,656488.8099112959,671288.648073095,829217.5597759489,99873.30652884224,164.62094233658735,3.428497030947856
175,175,0.2890991813188727,5.427226020521898,2534493.048513962,5.0,25000.0,517.0887352748151,0.18729747236806235,5.5,2287166.1682041083,658018.8695591469,672666.3955672039,830925.384178191,99883.82783747485,164.36923297672843,3.45902051828024
176,176,0.2865744924286203,5.2892636389887695,2559800.106901312,5.0,25000.0,517.0879338030702,0.18509634364798108,5.5,2312407.2417800054,659533.0581269099,674029.7394444613,832616.1303364094,99891.52516443298,164.0463918433115,3.4894940981150966
177,177,0.2840974448443587,5.2876842171583,2585110.1478829756,5.0,25000.0,517.0868009909717,0.18486026207612336,5.5,2337655.0070241936,661031.5219083427,675378.9183189389,834289.9690330443,99900.85160550324,163.72244128511574,3.5199190212634424
178,178,0.28166662561958244,5.200710058511475,2610422.54780839,5.0,25000.0,517.0856786208999,0.18607092739449727,5.5,2362909.0582734644,662514.4190999386,676714.0323990979,835947.0693427137,99907.96831631342,163.408891057805,3.5502963753703467
179,179,0.27928067279415236,5.248509968352248,2635736.5538619347,5.0,25000.0,517.0845519215275,0.18768928914377458,5.5,2388168.992439535,663981.9018318335,678035.3020820371,837587.5986492872,99913.69205607232,163.13982144371892,3.58062729509773
180,180,0.27693829715256507,5.332743916866301,2661051.1662072283,5.0,25000.0,517.0835919369334,0.1880188652568198,5.5,2413434.3371917726,665434.1348238682,679342.9454600567,839211.7226627924,99917.65717746309,162.90028525912345,3.6109126483474436
181,181,0.2746382622607893,5.418102336588953,2686366.4658868806,5.0,25000.0,517.0827107797476,0.18692607572792924,5.5,2438704.603929349,666871.2837687811,680637.1325875551,840819.6054361643,99922.49136971148,162.6519245318469,3.64115324561159
182,182,0.27237937131551376,5.393428842960363,2711682.9313117065,5.0,25000.0,517.0818042526596,0.18581505788014888,5.5,2463979.3847300513,668293.5082771525,681917.8984158493,842411.4093818042,99927.43170077774,162.3610697662876,3.6713499820867073
183,183,0.2701604603211103,5.395722865098014,2737000.298011213,5.0,25000.0,517.0807498059731,0.18543205153799341,5.5,2489258.355978363,669700.9560472151,683185.3499051189,843987.295287987,99931.00922557588,162.0448452862465,3.7015039092375286
184,184,0.2679804129866603,5.328992020768395,2762318.843713399,5.0,25000.0,517.0796161868722,0.18631067438650029,5.5,2514541.1932264,671093.7749940244,684439.5964902134,845547.4223351075,99935.04276843002,161.7191944134413,3.7316160119873336
185,185,0.2658381466815248,5.327358286502207,2787638.4961522366,5.0,25000.0,517.078464484422,0.18747179344913928,5.5,2539827.6316378633,672472.1079066371,685680.7982689178,847091.9481117564,99939.62517797369,161.42339071389245,3.761687374378231
186,186,0.263732622503259,5.278362975676806,2812958.929132139,5.0,25000.0,517.0774485142254,0.188839986482745,5.5,2565117.40413056,673836.1014584323,686909.0667709154,848621.0286306383,99943.06646724443,161.1462052515912,3.7917190164354535
187,187,0.26166283756664255,5.261130090009341,2838280.173442502,5.0,25000.0,517.0764784748333,0.19075580287778135,5.5,2590410.2609037543,675185.8978044128,688124.5414706041,850134.8183443315,99946.82090484454,160.9067017057163,3.821711975990138
188,188,0.2596278246488094,5.109221377612677,2863602.4921791186,5.0,25000.0,517.0756610160981,0.1947850818937738,5.5,2615705.9810436154,676521.6369436736,689327.2700373123,851633.4701608885,99950.20808230831,160.71260963542895,3.851667290871729
189,189,0.25762664442067673,5.17101984724418,2888924.94745349,5.0,25000.0,517.0750005686247,0.19926522827189355,5.5,2641004.372817517,677843.4533885276,690517.4879098639,853117.1354592788,99952.3996006185,160.62771634225086,3.881586092341858
190,190,0.2556584120627387,5.050679556668555,2914247.8778075934,5.0,25000.0,517.074771703094,0.20409792777292907,5.5,2666305.1661374597,679151.4947671237,691695.2809360407,854585.9641046865,99954.93635012733,160.6253640671282,3.9114691823815266
191,191,0.2537222583580202,5.1381868898963985,2939570.795163595,5.0,25000.0,517.0748282980364,0.20855015223837342,5.5,2691608.173985369,680445.8967710477,692860.85260367,856040.1044636396,99957.64240541981,160.74547931483858,3.941317590626711
192,192,0.2518173583606292,4.966699355557107,2964894.244648011,5.0,25000.0,517.0753556374029,0.214139731992669,5.5,2716913.163493104,681726.8048692468,694014.2248188903,857479.7034190027,99960.44594583909,160.95036619422618,3.9711321193668225
193,193,0.24994289623988045,5.0508210512203515,2990217.341158137,5.0,25000.0,517.0761569251882,0.21996630737939557,5.5,2742219.995592879,682994.3485389898,695155.6067492845,858904.9063848124,99962.1391869008,161.30622890094477,4.000913868903315
194,194,0.24809810786575473,4.987259431570676,3015540.325312755,5.0,25000.0,517.0775333467283,0.22488497626380724,5.5,2767528.4216903574,684248.6742021864,696285.1172082776,860315.8573209645,99964.67087755131,161.77012366614386,4.03066354920005
195,195,0.24628224084904526,5.129180482950116,3040862.572993164,5.0,25000.0,517.0792822826055,0.22745187142088072,5.5,2792838.268350878,685489.9186627329,697402.973010015,861712.6987477557,99967.34364842808,162.34618292182685,4.060382090696234
196,196,0.244494585125096,5.11470995708196,3066184.164189522,5.0,25000.0,517.0814448536645,0.22808560769174008,5.5,2818149.2928753574,686718.2312040401,698509.2476429597,863095.5717602777,99969.73583273217,162.94295539533297,4.090070131771419
197,197,0.24273443854913634,5.039199363212393,3091505.42406178,5.0,25000.0,517.0836384655303,0.22984074906413762,5.5,2843461.345867128,687933.7432587765,699603.9648858468,864464.6160426764,99971.37107250262,163.54898823748655,4.119728564175584
198,198,0.24100112096326995,4.988842536510126,3116826.4555282714,5.0,25000.0,517.0858746671382,0.23252131646578478,5.5,2868774.3022140707,689136.5812979477,700687.2351089012,865819.9698822491,99973.17607435775,164.19056683931666,4.149358293451283
199,199,0.23929397521184276,4.957821299089168,3142147.078552093,5.0,25000.0,517.0882885616737,0.2356065567276124,5.5,2894088.041531088,690326.871920128,701759.1916771829,867161.7701834252,99974.9688933033,164.88243307860182,4.178960206226327
200,200,0.23761236845939557,5.015973705826805,3167466.864040423,5.0,25000.0,517.0909100377961,0.23710505403742804,5.5,2919402.4257975626,691504.7446708287,702820.0169697495,868490.1524815911,99976.7932863015,165.63917953402387,4.208535130067883
201,201,0.23595569606152433,5.118545733621839,3192785.416172434,5.0,25000.0,517.0937845101267,0.2352678215293791,5.5,2944717.281695596,692670.3356289656,703869.8865160794,869805.2509567757,99978.69429670279,166.40947836122712,4.238083744921567
202,202,0.23432337354037622,4.947286934404437,3218103.5173867303,5.0,25000.0,517.096671894205,0.23432438054846827,5.5,2970032.4595261035,693823.7765682462,704908.74484136,871107.1984472084,99979.845005115,167.12455384624678,4.26760670474766
203,203,0.23271481810992248,5.024495901396558,3243420.8281620084,5.0,25000.0,517.099301131887,0.23377660174089243,5.5,2995347.906216465,694965.1818026782,705936.780417343,872396.1264627363,99981.53326353648,167.85392497239474,4.297104963585308
204,204,0.23112948246870585,5.092212292489534,3268736.6384340404,5.0,25000.0,517.1020163908343,0.23114405634259932,5.5,3020663.460192536,696094.6838030515,706954.1768260339,873672.1651981081,99982.58693960805,168.55930912535572,4.326579150867941
205,205,0.22956683633861097,5.007093230561537,3294051.470641821,5.0,25000.0,517.104598372367,0.22878194977553348,5.5,3045978.978617172,697212.409707318,707960.9393619911,874935.443546127,99983.27890127955,169.20173099781846,4.356029886324698
206,206,0.22802635452669034,5.017433761227957,3319365.3601522245,5.0,25000.0,517.1069229565635,0.2271425498479023,5.5,3071294.3882948584,698318.4745752906,708957.194938066,876186.0891106667,99984.5009651718,169.8056696319812,4.385457997062137
207,207,0.22650753436259552,4.962956867021822,3344678.401585912,5.0,25000.0,517.1091292717693,0.22581892536154685,5.5,3096609.595892424,699412.9982955969,709943.0108476582,877424.228219559,99985.54938079059,170.37072626637067,4.414864180187446
208,208,0.2250098803971669,4.86862988863969,3369990.8950360375,5.0,25000.0,517.1111994598318,0.22643270304201799,5.5,3121924.558428518,700496.09130358,710918.4531026258,878649.9859373628,99986.76096180308,170.9161186814115,4.444249284675372
209,209,0.22353291376461398,4.867273611325772,3395302.2416666555,5.0,25000.0,517.1131984291761,0.2281560374884639,5.5,3147239.2310754657,701567.8649101141,711883.6852293854,879863.4860779897,99987.2334272657,171.5017999566605,4.473614123122048
210,210,0.22207617927156498,4.851005482509649,3420612.281150051,5.0,25000.0,517.1153521578535,0.2295062540578366,5.5,3172553.50758826,702628.4378055868,712838.8517536323,881064.8512172118,99988.03002948695,172.12924292570122,4.5029593145924665
211,211,0.22063923539509236,4.951241536639194,3445920.518171356,5.0,25000.0,517.1176435662326,0.2287979591842613,5.5,3197867.2799819913,703677.9292892291,713784.113781346,882254.2027050393,99988.74704596847,172.7865066240756,4.532285466858733
212,212,0.21922165904117236,5.016464464336041,3471226.880399779,5.0,25000.0,517.1200319513314,0.22559140858110377,5.5,3223180.4013198004,704716.4629609918,714719.5675304104,883431.6606779882,99989.35480374681,173.40638098418574,4.56159306691584
213,213,0.2178230357552995,5.159348068344469,3496531.166076812,5.0,25000.0,517.1222460380244,0.21998958385424006,5.5,3248492.748260794,705744.1579523194,715645.353666993,884597.3440712076,99990.18730712128,173.950117903037,4.590882670111124
214,214,0.21644296632377413,5.001885241933238,3521834.4259639927,5.0,25000.0,517.1241549566967,0.21492428217309806,5.5,3273804.2144838315,706761.1313947148,716561.3971565983,885751.3706304961,99990.8714170284,174.35907523115515,4.620154754782437
215,215,0.21508104318431817,5.016476601625573,3547136.5478667067,5.0,25000.0,517.1255274160711,0.21130806070491762,5.5,3299114.824585861,707767.4791468038,717467.8106230391,886893.856924191,99991.4471555146,174.68857779211538,4.649410218561332
216,216,0.2137368838171848,4.994535976106536,3572437.2413658793,5.0,25000.0,517.1266216663926,0.208119052168195,5.5,3324424.517413971,708763.3098810266,718364.7301098311,888024.9183549504,99992.01989286109,174.94828876879447,4.678649665610958
217,217,0.21241011473939395,5.001967607579331,3597736.324576586,5.0,25000.0,517.1274414552033,0.20489397828083744,5.5,3349733.2387329196,709748.7299318325,719252.2669481916,889144.6691713993,99992.43763548088,175.1478509483533,4.7078737339175225
218,218,0.21110037491355962,4.846639916083275,3623034.460121476,5.0,25000.0,517.1280406830537,0.2035508701718308,5.5,3375040.9411666365,710723.8441059662,720130.4282706326,890253.2224796842,99992.91353905534,175.26423163075947,4.737083012805995
219,219,0.20980730414020166,4.702570995146162,3648332.007991294,5.0,25000.0,517.128349224092,0.2059729359431142,5.5,3400347.6683872016,711688.7444962364,720999.2600991682,891350.6902548881,99993.46209422508,175.36465235191775,4.766278295686789
220,220,0.20853055436026804,4.6829011692403615,3673628.2971143974,5.0,25000.0,517.1286681936477,0.21047579542858041,5.5,3425653.4369010967,712643.5265632395,721858.9427250201,892437.1833523401,99993.85934747162,175.5298685698237,4.79546032507231
221,221,0.20726979732685524,4.751447546071458,3698922.5627892376,5.0,25000.0,517.1292836863997,0.21397256665993641,5.5,3450958.171137196,713588.2976768991,722709.6704911904,893512.8115188173,99994.21307582458,175.78282824649838,4.8246296030436335
222,222,0.2060247186846678,4.7962940393158915,3724214.8284529764,5.0,25000.0,517.1302582270357,0.2153939548896234,5.5,3476261.7579857344,714523.1694425688,723551.5331872824,894577.6834036281,99994.69426135889,176.07145618335872,4.853786508649748
223,223,0.20479500939522927,4.852118427729311,3749504.9725581207,5.0,25000.0,517.1313886668706,0.21512013246642941,5.5,3501564.1159917857,715448.248459652,724384.6236145444,895631.9065695922,99994.96189744658,176.36713535673078,4.882931488189356
224,224,0.20358037004319104,4.8251585270517,3774793.2659617667,5.0,25000.0,517.132553901638,0.21461824673271118,5.5,3526865.1593375625,716363.6405354221,725208.9978651125,896675.5875038962,99995.28473522191,176.63176982351496,4.912064949031397
225,225,0.20238050505533897,4.800646078796531,3800079.9117726344,5.0,25000.0,517.1336209827223,0.21502171334342676,5.5,3552164.8524592603,717269.444419659,726024.7161727819,897708.8316288572,99995.70018461024,176.87534752143947,4.941187392167836
226,226,0.20119512589290917,4.784893875934362,3825364.801848097,5.0,25000.0,517.1346554667344,0.2157191655840088,5.5,3577463.163248974,718165.757437846,726831.8718620985,898731.7433125685,99995.89376955444,177.11997201701513,4.970299332858955
227,227,0.2000239544974915,4.9123657260498845,3850647.2655323325,5.0,25000.0,517.1357293009258,0.21432667896694302,5.5,3602760.0305262213,719052.6800069102,727630.6425179155,899744.4258794435,99996.08407389466,177.36793137764872,4.999401209281366
228,228,0.19886672710416878,4.966113106850174,3875927.35295755,5.0,25000.0,517.1368356900495,0.21075897708088354,5.5,3628055.33593211,719930.319562758,728421.1132595558,900746.9816206491,99996.43600549093,177.55307564673882,5.028493275680995
229,229,0.19772318183337304,4.955561323017644,3901205.484613045,5.0,25000.0,517.137697058434,0.20693310343041965,5.5,3653349.023526407,720798.7749071071,729203.3034304796,901739.5118044418,99996.6290219748,177.65006504242592,5.057575903480698
230,230,0.19659305982946848,4.995247860371195,3926481.5715957577,5.0,25000.0,517.1382333590134,0.20300924004298512,5.5,3678641.0669318014,721658.1393139607,729977.3007555611,902722.1166863983,99996.76470341368,177.66766673250103,5.0866495534859375
231,231,0.1954761103159076,4.988264583825139,3951755.7170349653,5.0,25000.0,517.1384812169422,0.19921019082316913,5.5,3703931.422384684,722508.5068251895,730743.1673540582,903694.8955195341,99996.88008930869,177.6014827483154,5.115714643512739
232,232,0.19437208514963503,4.876407516554955,3977028.4926692923,5.0,25000.0,517.1384079100613,0.1973006227072568,5.5,3729220.0909327692,723349.9647388938,731500.916226782,904657.9465643376,99997.05548392232,177.46858882927717,5.144771684834074
233,233,0.1932807388973541,4.815453431173739,4002299.8912590835,5.0,25000.0,517.1380718066159,0.1978853995993701,5.5,3754507.119115867,724182.5945940475,732250.6314223984,905611.3670986954,99997.25870914492,177.33120467578837,5.173821280407416
234,234,0.19220183721910444,5.058750580763614,4027568.4601544994,5.0,25000.0,517.1377093643464,0.19543916398094557,5.5,3779792.477330173,725006.487120142,732992.5819330561,906555.2534277077,99997.44041949727,177.24185229443233,5.202863898017943
235,235,0.19113516511037673,4.955909115774723,4052835.022356333,5.0,25000.0,517.1374948339168,0.191256617092888,5.5,3805076.0329884477,725821.7457765494,733726.7365932071,907489.7008934298,99997.59595674212,177.07079435660856,5.231899631983053
236,236,0.19008049484755699,4.868509417673626,4078100.249515678,5.0,25000.0,517.1368649476053,0.18945019959276976,5.5,3830357.837953406,726628.4490326368,734453.0884487599,908414.8038844955,99997.71737171296,176.85166684242483,5.260929064825888
237,237,0.18903760599444783,4.720256317493755,4103364.3512815917,5.0,25000.0,517.1360289961059,0.19094581667749216,5.5,3855637.9389727414,727426.6757166379,735171.6902454336,909330.6558456507,99997.86263365603,176.63240198580633,5.289952730513159
238,238,0.18800628254738566,4.795441848658392,4128626.434544095,5.0,25000.0,517.1351621579612,0.193213648164141,5.5,3880916.3721575076,728216.5052845964,735882.7355068884,910237.3492871951,99998.03037426215,176.49566419030955,5.318971187826966
239,239,0.18698632689394787,5.069023810563665,4153885.089245177,5.0,25000.0,517.1345906903581,0.1909940430503423,5.5,3906193.022043987,728998.0359879978,736586.4750193448,911134.9757943235,99998.13430508955,176.40699934150172,5.347984617972442
240,240,0.18597755379371483,5.1883958405591635,4179140.5776005136,5.0,25000.0,517.1341478039224,0.18485959760968862,5.5,3931467.7033415465,729771.3735885097,737282.9468721934,912023.6260363804,99998.22081476093,176.22648984034,5.376992973620859
241,241,0.18497977280980138,5.202381058606544,4204393.7172977105,5.0,25000.0,517.1333054136043,0.17854588368567012,5.5,3956740.3470359403,730536.6081379547,737972.1219908955,912903.3897760162,99998.32965141088,175.8973000416819,5.405996476318593
242,242,0.183992793245262,5.311059017378926,4229644.310655824,5.0,25000.0,517.1319100977089,0.17243461632872906,5.5,3982010.930697567,731293.8231102892,738654.0992654384,913774.3558782547,99998.48158978338,175.43299987095727,5.434995481953481
243,243,0.1830164315308944,5.129271619169125,4254893.462227187,5.0,25000.0,517.1300488559764,0.16908610936559512,5.5,4007279.428141672,732043.1017109446,739328.8109645769,914636.6123194727,99998.60385774795,174.81812458534384,5.463990263798763
244,244,0.18205049468766915,4.994110687187353,4280141.618916048,5.0,25000.0,517.127664764289,0.1707549022680503,5.5,4032545.9632946663,732784.5076437827,739996.2774977784,915490.2461962791,99998.70059579068,174.1563099555676,5.492981503377003
245,245,0.1810947988313805,4.97147428874194,4305388.138760084,5.0,25000.0,517.1251876165209,0.17514906080359216,5.5,4057810.6049388354,733518.1111980295,740656.6501181963,916335.3437343155,99998.7831624688,173.5549679109032,5.521969744316687
246,246,0.18014916993915767,4.913930743034446,4330632.942484403,5.0,25000.0,517.1229932373834,0.18010682976259065,5.5,4083073.3585535716,734243.989645621,741310.0128444233,917171.9902969709,99998.86306648863,173.05160283133335,5.550955357372632
247,247,0.17921343697325323,4.814900005024579,4355876.19988615,5.0,25000.0,517.1211764290534,0.1862579755929495,5.5,4108334.253429295,734962.2171407962,741956.418484841,918000.2703940026,99998.94514890773,172.66400490184057,5.579938741698511
248,248,0.17828743284697485,4.785324729835028,4381117.646481345,5.0,25000.0,517.1197655732318,0.19326356909425568,5.5,4133593.314860024,735672.8675889042,742595.9655483655,918820.2676900625,99998.98640322435,172.43545561370988,5.608920292538543
249,249,0.1773709975124425,4.823497075218233,4406356.766003645,5.0,25000.0,517.1189272433859,0.19919765803156508,5.5,4158850.5182618056,736376.0198108266,743228.7847947386,919632.065013162,99999.07380017462,172.3738685087644,5.637900299511201
250,250,0.17646397801554553,4.876472454117287,4431593.317849828,5.0,25000.0,517.1186601934154,0.20250511422907896,5.5,4184105.7961315187,737071.756940291,743854.968627555,920435.744363031,99999.13660946781,172.44132223114002,5.6668789361186525
251,251,0.1755662249549663,4.996872327830771,4456826.935802949,5.0,25000.0,517.1188147557571,0.2026444834349032,5.5,4209359.070746412,737760.1622165565,744474.6263619313,921231.3869194003,99999.18194971819,172.5694650517658,5.69585636563357
252,252,0.17467759489206355,5.055462627720485,4482057.756445787,5.0,25000.0,517.1191362301054,0.2012555317660204,5.5,4234610.242286867,738441.3208730245,745087.8103472198,922019.0730502061,99999.23460237974,172.68070263476662,5.724832658807319
253,253,0.17379794324011633,4.876433463042349,4507286.969598087,5.0,25000.0,517.1193659003117,0.20258511734554277,5.5,4259859.29110825,739115.3081086291,745694.4459307119,922798.8823197038,99999.29763440775,172.75332839635746,5.753808021872945
254,254,0.17292712010633401,4.973805440572055,4532513.872824028,5.0,25000.0,517.1194678982596,0.20451431650000604,5.5,4285106.280023989,739782.1885507966,746294.6804338053,923570.893496507,99999.34427466459,172.8809871233915,5.782782939917657
255,255,0.17206498988123098,4.932663009061182,4557738.482417578,5.0,25000.0,517.1198389591398,0.20531786364134672,5.5,4310351.14432641,740442.0412230013,746888.5785222803,924335.1845615421,99999.38662586597,173.02060087485307,5.81175752656166
256,256,0.17121141467704348,4.985739059472604,4582960.705199051,5.0,25000.0,517.1202467566927,0.20548618005197408,5.5,4335593.884777906,741094.9369772336,747476.2164099573,925091.8327159277,99999.4335377492,173.1773410429586,5.840732067346693
257,257,0.17036626309696992,4.980693037910521,4608180.441068164,5.0,25000.0,517.1207293158417,0.20506028608614507,5.5,4360834.458427827,741740.9509621229,748057.6650051525,925840.9143887676,99999.46995767436,173.32835766026557,5.869706723747383
258,258,0.16952940471163186,4.967158235989572,4633397.88036591,5.0,25000.0,517.1211759380901,0.20502623455338012,5.5,4386072.843166412,742380.1547964101,748632.9649387861,926582.5052448798,99999.49698110984,173.46406953896195,5.8986817166083485
259,259,0.1687007114166015,5.04844895250518,4658612.644078932,5.0,25000.0,517.1215807651051,0.20401789897381603,5.5,4411309.020362452,743012.6193139175,749202.2249819738,927316.6801924309,99999.53458802996,173.59776929649865,5.927657278993501
260,260,0.167880061308348,4.984774660943474,4683825.097859617,5.0,25000.0,517.1219956228962,0.20264051678246148,5.5,4436542.940426755,743638.418428459,749765.4646547002,928043.5133905062,99999.56377681873,173.6885215919728,5.956633516849174
